{
  "dataSpec": {
    "inputDatasetSmartName": "dpt2020",
    "datasetSelection": {
      "useMemTable": false,
      "filter": {
        "distinct": false,
        "enabled": false
      },
      "partitionSelectionMethod": "ALL",
      "latestPartitionsN": 1,
      "ordering": {
        "enabled": false,
        "rules": []
      },
      "samplingMethod": "HEAD_SEQUENTIAL",
      "maxRecords": 100000,
      "targetRatio": 0.02,
      "withinFirstN": -1,
      "maxReadUncompressedBytes": -1
    },
    "autoRefreshSample": true,
    "refreshTrigger": 0,
    "containerSelection": {
      "containerMode": "INHERIT"
    }
  },
  "rootCard": {
    "type": "worksheet_root",
    "confidenceLevel": 0.95,
    "showConfidenceInterval": false,
    "cards": [
      {
        "type": "univariate_header",
        "showHistogram": true,
        "showQuantile": true,
        "showFrequencyTable": true,
        "showSummary": true,
        "showBoxPlot": true,
        "showCumulativeDistributionFunction": false,
        "xColumns": [
          {
            "name": "preusuel",
            "type": "CATEGORICAL"
          },
          {
            "name": "annais",
            "type": "CATEGORICAL"
          }
        ],
        "cards": [
          {
            "type": "column_card",
            "column": {
              "name": "preusuel",
              "type": "CATEGORICAL"
            },
            "cards": [
              {
                "type": "categorical_histogram",
                "maxValues": 10,
                "groupOthers": false,
                "column": {
                  "name": "preusuel",
                  "type": "CATEGORICAL"
                },
                "id": "YMGNciB"
              },
              {
                "type": "univariate_summary",
                "confidenceLevel": 0.95,
                "showConfidenceInterval": false,
                "compute": {
                  "totalCount": true,
                  "mean": true,
                  "sum": false,
                  "median": true,
                  "std": true,
                  "variance": false,
                  "skewness": false,
                  "kurtosis": false,
                  "sem": false,
                  "completeCount": true,
                  "nbEmpty": true,
                  "zeroCount": false,
                  "zeroRatio": false,
                  "nonZeroRatio": false,
                  "iqr": false,
                  "distinctCount": true,
                  "nbNonEmpty": false,
                  "min": true,
                  "max": true,
                  "range": false,
                  "mode": true
                },
                "column": {
                  "name": "preusuel",
                  "type": "CATEGORICAL"
                },
                "id": "5RW5sRp"
              },
              {
                "type": "univariate_frequency_table",
                "maxValues": 10,
                "column": {
                  "name": "preusuel",
                  "type": "CATEGORICAL"
                },
                "id": "Qi5MwqY"
              }
            ],
            "id": "Z9aKBEq"
          },
          {
            "type": "column_card",
            "column": {
              "name": "annais",
              "type": "CATEGORICAL"
            },
            "cards": [
              {
                "type": "categorical_histogram",
                "maxValues": 10,
                "groupOthers": false,
                "column": {
                  "name": "annais",
                  "type": "CATEGORICAL"
                },
                "id": "LAqHlCO"
              },
              {
                "type": "univariate_summary",
                "confidenceLevel": 0.95,
                "showConfidenceInterval": false,
                "compute": {
                  "totalCount": true,
                  "mean": true,
                  "sum": false,
                  "median": true,
                  "std": true,
                  "variance": false,
                  "skewness": false,
                  "kurtosis": false,
                  "sem": false,
                  "completeCount": true,
                  "nbEmpty": true,
                  "zeroCount": false,
                  "zeroRatio": false,
                  "nonZeroRatio": false,
                  "iqr": false,
                  "distinctCount": true,
                  "nbNonEmpty": false,
                  "min": true,
                  "max": true,
                  "range": false,
                  "mode": true
                },
                "column": {
                  "name": "annais",
                  "type": "CATEGORICAL"
                },
                "id": "WbfLu1y"
              },
              {
                "type": "univariate_frequency_table",
                "maxValues": 10,
                "column": {
                  "name": "annais",
                  "type": "CATEGORICAL"
                },
                "id": "4yGxrMP"
              }
            ],
            "id": "VylW3kt"
          }
        ],
        "id": "xXw8fo6"
      }
    ],
    "id": "OrE6eWf"
  },
  "name": "Worksheet",
  "versionTag": {
    "versionNumber": 1,
    "lastModifiedBy": {
      "login": "admin"
    },
    "lastModifiedOn": 1646906986007
  },
  "creationTag": {
    "versionNumber": 0,
    "lastModifiedBy": {
      "login": "admin"
    },
    "lastModifiedOn": 1646906937445
  },
  "tags": [],
  "customFields": {},
  "checklists": {
    "checklists": []
  }
}